{
  "Logistic Regression": {
    "train_report": {
      "f1": 0.9850746268656716,
      "accuracy": 0.9866666666666667,
      "roc_auc": 0.9862405106970324,
      "precision": 0.9880239520958084,
      "recall": 0.9821428571428571,
      "specificity": 0.9903381642512077,
      "npv": 0.9855769230769231,
      "lr_plus": 101.65178571428525,
      "lr_minus": 0.01803135888501747
    },
    "cross_val_report": {
      "f1": {
        "mean": 0.7062643959223033,
        "std": 0.0545974255520423,
        "all": [
          0.64,
          0.6571428571428571,
          0.71875,
          0.7213114754098361,
          0.7941176470588235
        ]
      },
      "precision": {
        "mean": 0.7096128532713898,
        "std": 0.08161733235638796,
        "all": [
          0.5853658536585366,
          0.6388888888888888,
          0.7666666666666667,
          0.7857142857142857,
          0.7714285714285715
        ]
      },
      "recall": {
        "mean": 0.7087344028520499,
        "std": 0.0562822757288166,
        "all": [
          0.7058823529411765,
          0.6764705882352942,
          0.6764705882352942,
          0.6666666666666666,
          0.8181818181818182
        ]
      },
      "roc_auc": {
        "mean": 0.8429217363220232,
        "std": 0.05326551494483402,
        "all": [
          0.7510760401721664,
          0.821377331420373,
          0.8715925394548063,
          0.8643578643578644,
          0.9062049062049062
        ]
      },
      "accuracy": {
        "mean": 0.7333333333333334,
        "std": 0.0636657940603377,
        "all": [
          0.64,
          0.68,
          0.76,
          0.7733333333333333,
          0.8133333333333334
        ]
      },
      "specificity": {
        "mean": 0.7528455284552846,
        "std": 0.10282885312446655,
        "all": [
          0.5853658536585366,
          0.6829268292682927,
          0.8292682926829268,
          0.8571428571428571,
          0.8095238095238095
        ]
      },
      "npv": {
        "mean": 0.7590688146507921,
        "std": 0.05069110133635478,
        "all": [
          0.7058823529411765,
          0.717948717948718,
          0.7555555555555555,
          0.7659574468085106,
          0.85
        ]
      },
      "lr_plus": {
        "mean": 3.352042478859088,
        "std": 1.199722337797644,
        "all": [
          1.7024221453287196,
          2.133484162895928,
          3.962184873949579,
          4.666666666666665,
          4.295454545454546
        ]
      },
      "lr_minus": {
        "mean": 0.3959633407730293,
        "std": 0.09678686533257798,
        "all": [
          0.5024509803921569,
          0.47373949579831925,
          0.39013840830449825,
          0.38888888888888895,
          0.22459893048128335
        ]
      }
    }
  },
  "MORE": {
    "accuracy": {
      "mean": 0.7280000000000001,
      "std": 0.05157130985344468
    },
    "f1": {
      "mean": 0.704,
      "std": 0.05156355301955054
    },
    "roc_auc": {
      "mean": 0.8109999999999999,
      "std": 0.048899897750404334
    },
    "precision": {
      "mean": 0.6912,
      "std": 0.0558977638193157
    },
    "recall": {
      "mean": 0.721,
      "std": 0.06871389961281486
    },
    "specificity": {
      "mean": 0.7340000000000001,
      "std": 0.07221357213155988
    },
    "npv": {
      "mean": 0.7644,
      "std": 0.05265586387098783
    },
    "lr_plus": {
      "mean": 2.9017999999999997,
      "std": 0.7684814636671466
    },
    "lr_minus": {
      "mean": 0.3846,
      "std": 0.09985108912776063
    }
  },
  "MOGONET": {
    "accuracy": {
      "mean": 0.744,
      "std": 0.051450947513141075
    },
    "f1": {
      "mean": 0.7234,
      "std": 0.05333891637444466
    },
    "roc_auc": {
      "mean": 0.8103999999999999,
      "std": 0.05530497265165222
    },
    "precision": {
      "mean": 0.707,
      "std": 0.06561707094956314
    },
    "recall": {
      "mean": 0.7506,
      "std": 0.09298085824512484
    },
    "specificity": {
      "mean": 0.739,
      "std": 0.09298602045468987
    },
    "npv": {
      "mean": 0.7894,
      "std": 0.06511405378257447
    },
    "lr_plus": {
      "mean": 3.213,
      "std": 1.1026431879805905
    },
    "lr_minus": {
      "mean": 0.3372,
      "std": 0.11896621369111483
    }
  }
}